LessonId,InstructorId,StudentId,CarId,Date
1,12,63,4,2023/11/29
2,5,196,1,2023/11/30
3,7,176,10,2023/11/30
4,13,80,10,2023/11/30
5,10,87,9,2023/11/30
6,6,70,9,2023/11/30
7,15,14,10,2023/12/01
8,6,44,5,2023/12/01
9,14,126,4,2023/12/02
10,18,82,6,2023/12/02
11,9,71,7,2023/12/03
12,9,117,9,2023/12/03
13,17,48,1,2023/12/04
14,3,52,4,2023/12/04
15,13,200,5,2023/12/05
16,6,174,4,2023/12/05
17,8,182,1,2023/12/06
18,1,11,10,2023/12/06
19,16,130,2,2023/12/07
20,14,49,5,2023/12/07
21,17,189,2,2023/12/08
22,9,131,5,2023/12/08
23,16,181,8,2023/12/08
24,6,179,1,2023/12/08
25,9,91,7,2023/12/09
26,2,183,10,2023/12/10
27,12,55,4,2023/12/10
28,11,8,8,2023/12/10
29,17,8,9,2023/12/11
30,18,146,4,2023/12/11
31,17,154,3,2023/12/12
32,4,72,2,2023/12/12
33,12,135,1,2023/12/12
34,2,13,10,2023/12/14
35,9,72,9,2023/12/14
36,4,27,5,2023/12/14
37,11,145,6,2023/12/15
38,18,64,3,2023/12/15
39,16,91,3,2023/12/15
40,4,124,3,2023/12/16
41,8,86,8,2023/12/16
42,17,69,5,2023/12/16
43,20,70,4,2023/12/17
44,4,28,8,2023/12/17
45,12,119,10,2023/12/20
46,10,14,3,2023/12/20
47,10,158,3,2023/12/21
48,20,91,4,2023/12/21
49,5,49,1,2023/12/21
50,2,159,6,2023/12/22
51,17,108,5,2023/12/22
52,8,44,10,2023/12/22
53,20,57,9,2023/12/22
54,1,134,8,2023/12/23
55,10,32,2,2023/12/23
56,18,77,3,2023/12/24
57,19,183,9,2023/12/24
58,6,164,4,2023/12/24
59,19,51,4,2023/12/24
60,13,63,3,2023/12/26
61,17,165,3,2023/12/26
62,1,87,2,2023/12/27
63,7,14,3,2023/12/27
64,11,89,8,2023/12/28
65,8,103,8,2023/12/30
66,14,198,5,2024/01/01
67,19,133,3,2024/01/01
68,17,84,5,2024/01/01
69,7,139,7,2024/01/02
70,7,184,5,2024/01/02
71,18,157,1,2024/01/03
72,14,8,1,2024/01/03
73,6,127,6,2024/01/03
74,4,84,10,2024/01/04
75,14,194,5,2024/01/05
76,9,177,5,2024/01/06
77,14,2,4,2024/01/07
78,4,129,9,2024/01/08
79,4,172,9,2024/01/11
80,7,86,10,2024/01/11
81,9,194,8,2024/01/11
82,2,30,3,2024/01/12
83,15,115,2,2024/01/12
84,20,187,9,2024/01/13
85,7,198,1,2024/01/13
86,20,92,7,2024/01/13
87,4,195,3,2024/01/13
88,10,17,3,2024/01/14
89,4,167,3,2024/01/14
90,6,6,9,2024/01/14
91,10,143,1,2024/01/15
92,18,155,2,2024/01/16
93,6,177,8,2024/01/16
94,5,49,3,2024/01/17
95,10,1,5,2024/01/17
96,12,90,6,2024/01/18
97,14,76,6,2024/01/18
98,6,20,10,2024/01/18
99,15,61,4,2024/01/19
100,20,151,7,2024/01/19
101,14,101,4,2024/01/19
102,6,68,10,2024/01/20
103,7,156,6,2024/01/20
104,17,19,9,2024/01/20
105,4,123,6,2024/01/22
106,13,137,4,2024/01/22
107,7,98,5,2024/01/23
108,6,198,7,2024/01/23
109,9,172,5,2024/01/24
110,13,96,4,2024/01/24
111,14,127,2,2024/01/24
112,5,179,7,2024/01/24
113,8,38,10,2024/01/24
114,4,108,6,2024/01/25
115,7,104,1,2024/01/25
116,18,155,2,2024/01/26
117,10,191,8,2024/01/27
118,2,39,4,2024/01/27
119,13,119,1,2024/01/27
120,4,180,7,2024/01/29
121,1,129,10,2024/01/31
122,1,142,7,2024/01/31
123,2,103,8,2024/01/31
124,12,167,2,2024/02/01
125,12,156,4,2024/02/02
126,8,129,8,2024/02/03
127,12,61,4,2024/02/03
128,14,40,1,2024/02/04
129,13,98,2,2024/02/05
130,12,168,4,2024/02/05
131,11,175,3,2024/02/06
132,12,77,6,2024/02/07
133,8,50,2,2024/02/09
134,19,20,4,2024/02/11
135,17,175,2,2024/02/11
136,14,8,1,2024/02/14
137,20,47,3,2024/02/14
138,20,99,1,2024/02/15
139,20,185,9,2024/02/15
140,14,167,1,2024/02/16
141,7,100,3,2024/02/17
142,2,200,5,2024/02/17
143,3,84,10,2024/02/17
144,16,138,5,2024/02/18
145,10,134,4,2024/02/18
146,13,14,6,2024/02/18
147,18,42,3,2024/02/19
148,12,25,2,2024/02/20
149,19,97,1,2024/02/21
150,1,142,6,2024/02/21
151,5,172,1,2024/02/21
152,11,134,6,2024/02/21
153,9,55,7,2024/02/21
154,9,45,6,2024/02/22
155,10,57,4,2024/02/22
156,18,104,5,2024/02/22
157,2,11,6,2024/02/22
158,16,78,3,2024/02/22
159,6,185,5,2024/02/23
160,13,80,2,2024/02/23
161,20,167,9,2024/02/23
162,15,115,5,2024/02/24
163,13,185,9,2024/02/24
164,17,129,10,2024/02/24
165,19,74,6,2024/02/25
166,1,101,6,2024/02/25
167,8,169,10,2024/02/27
168,18,24,7,2024/02/27
169,19,70,4,2024/02/27
170,1,97,4,2024/02/27
171,9,192,10,2024/02/27
172,10,90,7,2024/02/28
173,19,110,6,2024/02/29
174,14,175,1,2024/02/29
175,9,193,1,2024/03/01
176,14,137,3,2024/03/01
177,4,59,6,2024/03/01
178,19,16,6,2024/03/03
179,8,54,7,2024/03/03
180,10,24,7,2024/03/04
181,13,34,9,2024/03/05
182,5,188,5,2024/03/05
183,19,124,2,2024/03/05
184,12,169,7,2024/03/06
185,11,87,3,2024/03/06
186,2,168,10,2024/03/08
187,14,184,1,2024/03/08
188,9,161,3,2024/03/08
189,15,126,2,2024/03/09
190,4,146,6,2024/03/10
191,14,125,9,2024/03/10
192,7,124,10,2024/03/10
193,2,181,3,2024/03/10
194,15,124,9,2024/03/11
195,16,17,8,2024/03/11
196,18,76,7,2024/03/11
197,15,63,3,2024/03/12
198,15,176,10,2024/03/12
199,5,72,4,2024/03/12
200,11,47,4,2024/03/12
201,12,62,6,2024/03/13
202,6,121,10,2024/03/13
203,6,129,7,2024/03/13
204,4,114,9,2024/03/15
205,1,18,10,2024/03/17
206,4,66,10,2024/03/17
207,6,47,8,2024/03/19
208,2,129,3,2024/03/20
209,20,28,6,2024/03/20
210,16,67,1,2024/03/20
211,3,8,5,2024/03/21
212,14,174,4,2024/03/22
213,18,176,4,2024/03/23
214,3,97,2,2024/03/23
215,6,100,2,2024/03/23
216,11,57,5,2024/03/25
217,15,94,8,2024/03/26
218,14,29,9,2024/03/27
219,18,145,2,2024/03/27
220,2,48,1,2024/03/27
221,18,155,7,2024/03/27
222,12,91,6,2024/03/28
223,4,134,8,2024/03/28
224,8,149,1,2024/03/29
225,14,145,4,2024/03/30
226,17,86,6,2024/04/01
227,12,94,7,2024/04/01
228,1,169,1,2024/04/01
229,7,26,3,2024/04/01
230,13,139,7,2024/04/03
231,8,55,6,2024/04/03
232,3,161,5,2024/04/04
233,7,142,8,2024/04/04
234,15,25,1,2024/04/05
235,17,102,6,2024/04/06
236,11,148,9,2024/04/06
237,6,38,8,2024/04/06
238,3,33,1,2024/04/07
239,10,90,9,2024/04/07
240,10,155,1,2024/04/07
241,1,88,3,2024/04/08
242,6,80,3,2024/04/08
243,3,77,3,2024/04/09
244,6,103,7,2024/04/10
245,20,124,5,2024/04/11
246,12,70,9,2024/04/11
247,8,143,1,2024/04/11
248,16,194,10,2024/04/11
249,5,146,3,2024/04/13
250,17,44,5,2024/04/13
251,15,87,1,2024/04/14
252,13,96,3,2024/04/14
253,2,31,2,2024/04/14
254,10,35,4,2024/04/15
255,17,16,5,2024/04/15
256,20,140,1,2024/04/15
257,18,184,6,2024/04/16
258,1,84,3,2024/04/17
259,1,54,6,2024/04/18
260,9,68,1,2024/04/18
261,5,89,3,2024/04/18
262,18,52,9,2024/04/19
263,4,121,5,2024/04/19
264,18,111,7,2024/04/19
265,5,155,4,2024/04/19
266,1,19,3,2024/04/20
267,15,117,6,2024/04/20
268,14,132,1,2024/04/21
269,6,163,1,2024/04/21
270,17,179,4,2024/04/21
271,20,42,4,2024/04/22
272,9,87,9,2024/04/22
273,6,93,9,2024/04/23
274,19,28,4,2024/04/23
275,1,1,10,2024/04/24
276,14,200,7,2024/04/24
277,7,53,7,2024/04/24
278,16,28,2,2024/04/24
279,6,58,10,2024/04/25
280,18,88,9,2024/04/25
281,13,122,9,2024/04/25
282,12,157,5,2024/04/25
283,17,153,8,2024/04/25
284,13,99,1,2024/04/26
285,18,32,6,2024/04/26
286,2,194,1,2024/04/27
287,17,90,8,2024/04/27
288,7,187,9,2024/04/27
289,15,28,3,2024/04/28
290,15,149,9,2024/04/28
291,12,86,2,2024/04/28
292,14,130,8,2024/04/28
293,9,185,2,2024/04/29
294,4,52,5,2024/04/29
295,16,118,5,2024/04/29
296,18,186,7,2024/04/30
297,9,76,5,2024/05/01
298,14,6,10,2024/05/01
299,14,173,8,2024/05/01
300,19,93,1,2024/05/01
301,14,49,7,2024/05/02
302,3,29,7,2024/05/03
303,18,8,10,2024/05/03
304,20,133,5,2024/05/03
305,17,168,7,2024/05/04
306,9,10,10,2024/05/04
307,20,86,9,2024/05/05
308,2,97,10,2024/05/05
309,12,4,7,2024/05/05
310,16,154,9,2024/05/05
311,7,77,6,2024/05/06
312,19,133,3,2024/05/06
313,8,165,8,2024/05/06
314,9,199,5,2024/05/07
315,2,78,10,2024/05/07
316,7,16,4,2024/05/07
317,3,170,2,2024/05/08
318,17,151,10,2024/05/10
319,9,5,2,2024/05/11
320,16,85,6,2024/05/11
321,13,125,1,2024/05/11
322,17,135,2,2024/05/11
323,2,93,6,2024/05/12
324,20,26,3,2024/05/12
325,17,78,10,2024/05/13
326,20,200,7,2024/05/13
327,20,167,9,2024/05/14
328,8,167,6,2024/05/14
329,1,191,10,2024/05/15
330,15,76,6,2024/05/15
331,3,89,2,2024/05/15
332,12,111,5,2024/05/16
333,3,144,10,2024/05/16
334,18,169,8,2024/05/16
335,15,55,5,2024/05/18
336,9,38,4,2024/05/19
337,10,143,5,2024/05/19
338,6,70,10,2024/05/19
339,11,144,10,2024/05/20
340,15,180,8,2024/05/20
341,20,27,6,2024/05/20
342,17,3,7,2024/05/22
343,5,66,3,2024/05/23
344,5,18,5,2024/05/24
345,9,30,8,2024/05/24
346,7,150,6,2024/05/24
347,2,196,9,2024/05/25
348,6,177,9,2024/05/25
349,2,162,7,2024/05/26
350,17,4,3,2024/05/26
351,14,98,9,2024/05/26
352,18,25,10,2024/05/26
353,1,145,8,2024/05/26
354,16,179,6,2024/05/28
355,10,20,9,2024/05/28
356,14,175,7,2024/05/29
357,6,109,9,2024/05/29
358,12,21,10,2024/05/29
359,1,153,5,2024/05/30
360,15,102,5,2024/05/30
361,11,17,8,2024/05/30
362,4,127,3,2024/06/01
363,12,29,2,2024/06/01
364,15,61,3,2024/06/02
365,16,155,5,2024/06/03
366,6,119,1,2024/06/03
367,20,138,10,2024/06/05
368,17,133,6,2024/06/05
369,10,170,8,2024/06/05
370,12,84,9,2024/06/06
371,9,2,1,2024/06/06
372,11,95,7,2024/06/07
373,11,82,1,2024/06/07
374,16,30,2,2024/06/07
375,16,198,4,2024/06/08
376,9,144,3,2024/06/08
377,10,32,4,2024/06/10
378,1,121,3,2024/06/10
379,10,120,3,2024/06/10
380,1,148,5,2024/06/10
381,17,118,1,2024/06/11
382,18,30,9,2024/06/11
383,16,62,7,2024/06/12
384,20,33,10,2024/06/12
385,14,188,9,2024/06/13
386,1,129,4,2024/06/13
387,12,193,7,2024/06/13
388,13,190,1,2024/06/13
389,8,187,5,2024/06/14
390,17,185,6,2024/06/15
391,2,191,4,2024/06/15
392,20,142,2,2024/06/16
393,9,62,5,2024/06/17
394,19,77,6,2024/06/17
395,16,20,3,2024/06/18
396,17,140,1,2024/06/18
397,14,164,6,2024/06/18
398,15,111,1,2024/06/19
399,8,185,4,2024/06/19
400,7,81,7,2024/06/20
401,9,102,9,2024/06/20
402,10,5,1,2024/06/20
403,4,146,2,2024/06/21
404,7,174,10,2024/06/21
405,7,40,9,2024/06/21
406,14,185,5,2024/06/21
407,10,181,2,2024/06/23
408,8,114,7,2024/06/23
409,4,85,9,2024/06/24
410,12,111,10,2024/06/24
411,20,171,9,2024/06/24
412,8,168,3,2024/06/24
413,4,198,7,2024/06/24
414,5,10,7,2024/06/24
415,5,9,4,2024/06/25
416,17,74,6,2024/06/25
417,19,131,1,2024/06/25
418,13,23,2,2024/06/25
419,20,12,4,2024/06/25
420,4,77,7,2024/06/26
421,9,151,1,2024/06/28
422,3,50,3,2024/06/28
423,1,111,7,2024/06/29
424,2,170,2,2024/06/30
425,9,38,7,2024/06/30
426,8,97,5,2024/06/30
427,14,15,3,2024/06/30
428,2,67,9,2024/07/01
429,10,57,9,2024/07/01
430,14,13,4,2024/07/02
431,14,10,7,2024/07/03
432,5,99,9,2024/07/03
433,1,91,8,2024/07/04
434,19,63,4,2024/07/05
435,3,62,4,2024/07/06
436,12,198,6,2024/07/07
437,11,45,2,2024/07/09
438,16,69,9,2024/07/10
439,4,33,10,2024/07/11
440,13,199,3,2024/07/12
441,4,198,2,2024/07/12
442,6,129,2,2024/07/12
443,19,13,5,2024/07/12
444,9,187,7,2024/07/12
445,8,94,10,2024/07/14
446,20,62,3,2024/07/14
447,2,32,7,2024/07/14
448,1,3,5,2024/07/14
449,5,157,7,2024/07/15
450,11,131,5,2024/07/16
451,3,27,4,2024/07/17
452,1,134,8,2024/07/17
453,9,42,6,2024/07/18
454,3,127,3,2024/07/18
455,20,118,10,2024/07/19
456,14,39,4,2024/07/19
457,5,163,10,2024/07/20
458,15,21,6,2024/07/20
459,1,31,10,2024/07/20
460,18,23,9,2024/07/21
461,18,86,2,2024/07/22
462,6,15,9,2024/07/22
463,19,64,10,2024/07/24
464,6,160,7,2024/07/25
465,20,168,7,2024/07/25
466,4,119,4,2024/07/25
467,19,87,8,2024/07/25
468,10,61,8,2024/07/26
469,7,110,8,2024/07/26
470,7,63,1,2024/07/26
471,9,10,7,2024/07/28
472,4,30,2,2024/07/28
473,1,69,4,2024/07/29
474,2,122,7,2024/07/29
475,17,177,4,2024/07/30
476,2,35,2,2024/07/31
477,20,26,3,2024/07/31
478,2,177,3,2024/08/01
479,6,138,5,2024/08/01
480,15,176,3,2024/08/01
481,12,27,1,2024/08/02
482,19,127,4,2024/08/03
483,3,106,5,2024/08/03
484,2,198,2,2024/08/03
485,17,32,5,2024/08/04
486,15,147,1,2024/08/04
487,2,180,6,2024/08/04
488,4,124,2,2024/08/05
489,19,123,2,2024/08/05
490,20,54,1,2024/08/06
491,11,99,2,2024/08/06
492,20,113,4,2024/08/06
493,11,143,9,2024/08/06
494,6,133,3,2024/08/06
495,10,9,2,2024/08/06
496,9,32,7,2024/08/07
497,16,79,5,2024/08/08
498,15,68,3,2024/08/08
499,7,9,7,2024/08/08
500,5,112,10,2024/08/08
501,8,8,9,2024/08/09
502,9,198,6,2024/08/09
503,19,80,1,2024/08/10
504,17,163,7,2024/08/10
505,3,57,9,2024/08/11
506,20,1,5,2024/08/11
507,17,109,2,2024/08/11
508,18,88,10,2024/08/11
509,17,6,4,2024/08/12
510,17,191,7,2024/08/12
511,17,192,5,2024/08/13
512,10,71,10,2024/08/13
513,17,198,7,2024/08/14
514,13,54,10,2024/08/15
515,8,198,2,2024/08/15
516,9,65,6,2024/08/15
517,16,91,1,2024/08/16
518,8,47,10,2024/08/16
519,15,16,2,2024/08/16
520,9,110,7,2024/08/17
521,19,47,4,2024/08/17
522,2,103,3,2024/08/18
523,12,128,1,2024/08/18
524,2,29,10,2024/08/18
525,9,112,2,2024/08/19
526,7,125,6,2024/08/19
527,9,89,3,2024/08/19
528,12,68,9,2024/08/19
529,17,26,10,2024/08/20
530,18,10,1,2024/08/21
531,16,174,3,2024/08/21
532,11,154,5,2024/08/21
533,9,107,9,2024/08/21
534,16,84,4,2024/08/22
535,3,58,2,2024/08/22
536,16,141,3,2024/08/23
537,18,15,10,2024/08/24
538,14,79,6,2024/08/24
539,5,94,9,2024/08/24
540,1,74,10,2024/08/24
541,16,195,6,2024/08/24
542,6,140,9,2024/08/24
543,3,58,3,2024/08/25
544,19,72,7,2024/08/25
545,3,107,8,2024/08/25
546,16,5,7,2024/08/26
547,7,17,2,2024/08/27
548,8,184,5,2024/08/28
549,2,160,2,2024/08/28
550,3,124,8,2024/08/31
551,5,24,4,2024/08/31
552,18,70,2,2024/08/31
553,10,51,10,2024/08/31
554,12,9,7,2024/09/01
555,10,154,9,2024/09/02
556,6,74,4,2024/09/02
557,18,179,1,2024/09/03
558,11,175,8,2024/09/04
559,8,77,3,2024/09/04
560,19,91,1,2024/09/04
561,17,73,8,2024/09/05
562,6,166,9,2024/09/05
563,9,18,7,2024/09/05
564,10,190,5,2024/09/06
565,1,16,8,2024/09/07
566,20,114,2,2024/09/08
567,3,16,8,2024/09/08
568,12,17,4,2024/09/09
569,3,137,9,2024/09/09
570,20,197,7,2024/09/11
571,1,169,1,2024/09/13
572,1,184,6,2024/09/14
573,18,40,9,2024/09/14
574,15,83,8,2024/09/14
575,4,181,1,2024/09/15
576,10,143,6,2024/09/15
577,10,32,6,2024/09/15
578,1,186,5,2024/09/16
579,17,50,2,2024/09/16
580,1,118,5,2024/09/16
581,13,117,9,2024/09/17
582,20,93,7,2024/09/18
583,3,195,8,2024/09/18
584,7,81,9,2024/09/18
585,18,103,10,2024/09/19
586,2,27,8,2024/09/19
587,6,54,5,2024/09/19
588,20,34,8,2024/09/20
589,8,168,5,2024/09/20
590,15,24,3,2024/09/21
591,10,153,10,2024/09/21
592,2,20,3,2024/09/21
593,18,93,5,2024/09/22
594,10,28,9,2024/09/22
595,16,37,3,2024/09/22
596,17,184,8,2024/09/22
597,8,164,7,2024/09/22
598,7,83,9,2024/09/23
599,2,32,7,2024/09/23
600,20,143,5,2024/09/24
601,9,139,2,2024/09/24
602,17,93,8,2024/09/24
603,12,58,7,2024/09/25
604,17,141,1,2024/09/25
605,14,118,10,2024/09/26
606,20,13,3,2024/09/26
607,13,137,10,2024/09/26
608,2,172,7,2024/09/26
609,8,198,6,2024/09/26
610,17,121,1,2024/09/27
611,2,90,10,2024/09/29
612,7,155,2,2024/09/29
613,6,30,4,2024/09/29
614,17,101,3,2024/09/29
615,19,17,1,2024/10/02
616,10,27,2,2024/10/03
617,8,138,10,2024/10/03
618,20,158,9,2024/10/04
619,19,124,8,2024/10/05
620,6,26,8,2024/10/05
621,11,14,8,2024/10/06
622,13,56,2,2024/10/07
623,18,1,2,2024/10/07
624,1,184,5,2024/10/07
625,16,36,2,2024/10/07
626,11,170,2,2024/10/08
627,2,80,2,2024/10/08
628,11,70,6,2024/10/08
629,16,118,9,2024/10/08
630,18,53,10,2024/10/09
631,4,11,4,2024/10/10
632,3,153,6,2024/10/11
633,17,35,4,2024/10/11
634,14,73,3,2024/10/11
635,9,63,2,2024/10/11
636,14,186,9,2024/10/12
637,7,60,10,2024/10/12
638,7,94,3,2024/10/12
639,14,183,5,2024/10/12
640,6,147,9,2024/10/12
641,9,79,9,2024/10/13
642,2,194,7,2024/10/15
643,17,140,7,2024/10/16
644,11,40,2,2024/10/17
645,6,54,3,2024/10/18
646,13,127,3,2024/10/19
647,15,180,9,2024/10/20
648,17,108,1,2024/10/21
649,16,6,1,2024/10/21
650,18,67,6,2024/10/22
651,9,193,8,2024/10/22
652,12,118,9,2024/10/22
653,17,139,8,2024/10/22
654,15,12,2,2024/10/22
655,8,87,6,2024/10/23
656,14,154,9,2024/10/23
657,15,34,3,2024/10/24
658,4,18,5,2024/10/24
659,18,35,6,2024/10/26
660,14,51,5,2024/10/26
661,19,100,3,2024/10/26
662,8,145,6,2024/10/27
663,10,110,1,2024/10/27
664,18,128,4,2024/10/28
665,2,183,1,2024/10/28
666,5,111,6,2024/10/28
667,6,110,2,2024/10/28
668,19,55,10,2024/10/28
669,9,179,2,2024/10/29
670,20,16,5,2024/10/29
671,12,129,6,2024/10/30
672,19,3,4,2024/10/30
673,8,30,9,2024/11/01
674,16,92,3,2024/11/01
675,15,190,7,2024/11/02
676,3,117,5,2024/11/04
677,1,59,4,2024/11/04
678,13,1,10,2024/11/05
679,7,157,3,2024/11/05
680,10,48,3,2024/11/05
681,4,36,2,2024/11/05
682,19,130,5,2024/11/06
683,3,136,7,2024/11/06
684,3,57,9,2024/11/06
685,5,8,1,2024/11/07
686,7,163,9,2024/11/07
687,16,32,9,2024/11/08
688,19,176,4,2024/11/09
689,6,72,9,2024/11/09
690,10,179,3,2024/11/10
691,16,157,2,2024/11/11
692,8,163,5,2024/11/11
693,13,113,8,2024/11/12
694,3,88,1,2024/11/12
695,16,136,8,2024/11/12
696,12,120,1,2024/11/13
697,12,6,3,2024/11/14
698,1,94,5,2024/11/14
699,4,101,9,2024/11/16
700,5,64,8,2024/11/16
701,19,85,9,2024/11/16
702,9,22,9,2024/11/16
703,14,145,10,2024/11/18
704,13,153,6,2024/11/19
705,17,28,5,2024/11/20
706,3,23,2,2024/11/22
707,16,158,4,2024/11/22
708,10,67,4,2024/11/22
709,18,150,10,2024/11/23
710,2,179,7,2024/11/23
711,8,200,7,2024/11/23
712,10,91,6,2024/11/24
713,12,6,3,2024/11/24
714,8,183,5,2024/11/24
715,19,131,1,2024/11/25
716,3,114,10,2024/11/25
717,1,163,9,2024/11/25
718,11,147,6,2024/11/25
719,9,8,7,2024/11/25
720,4,11,5,2024/11/26
721,2,13,8,2024/11/27
722,12,54,10,2024/11/28
723,9,22,8,2024/11/29
724,10,111,5,2024/11/30
725,5,27,1,2024/11/30
726,4,53,8,2024/11/30
727,12,30,9,2024/12/01
728,1,1,4,2024/12/01
729,9,159,6,2024/12/02
730,12,149,5,2024/12/02
731,12,70,10,2024/12/02
732,2,4,5,2024/12/03
733,14,89,5,2024/12/03
734,15,76,10,2024/12/04
735,7,132,3,2024/12/04
736,17,96,5,2024/12/04
737,3,43,4,2024/12/06
738,11,167,3,2024/12/07
739,6,59,5,2024/12/08
740,1,25,1,2024/12/09
741,4,78,10,2024/12/10
742,1,147,6,2024/12/11
743,7,188,4,2024/12/13
744,10,11,1,2024/12/13
745,8,103,9,2024/12/15
746,15,171,5,2024/12/15
747,19,76,8,2024/12/15
748,13,63,7,2024/12/16
749,1,42,10,2024/12/16
750,1,5,4,2024/12/16
751,19,151,4,2024/12/18
752,10,73,4,2024/12/19
753,3,134,6,2024/12/20
754,12,41,3,2024/12/22
755,13,105,2,2024/12/22
756,4,26,8,2024/12/22
757,4,137,3,2024/12/23
758,5,97,2,2024/12/23
759,6,55,10,2024/12/24
760,6,22,7,2024/12/25
761,15,150,6,2024/12/25
762,19,100,1,2024/12/25
763,16,34,9,2024/12/25
764,19,104,6,2024/12/25
765,1,160,6,2024/12/26
766,1,164,5,2024/12/26
767,8,65,2,2024/12/27
768,16,108,4,2024/12/27
769,8,80,10,2024/12/27
770,11,190,7,2024/12/28
771,6,32,4,2024/12/29
772,6,93,1,2024/12/30
773,17,129,6,2024/12/30
774,18,101,3,2025/01/01
775,4,32,1,2025/01/02
776,18,18,10,2025/01/03
777,6,186,5,2025/01/03
778,8,49,4,2025/01/04
779,13,24,10,2025/01/04
780,12,192,10,2025/01/05
781,3,88,4,2025/01/07
782,1,152,4,2025/01/08
783,1,194,6,2025/01/09
784,2,157,4,2025/01/09
785,20,18,10,2025/01/09
786,9,140,9,2025/01/11
787,5,86,2,2025/01/11
788,14,98,6,2025/01/11
789,9,16,8,2025/01/12
790,12,95,8,2025/01/12
791,7,87,2,2025/01/13
792,9,191,6,2025/01/13
793,14,54,2,2025/01/14
794,10,81,9,2025/01/14
795,8,15,2,2025/01/14
796,4,61,6,2025/01/14
797,4,73,7,2025/01/14
798,5,198,10,2025/01/14
799,14,5,5,2025/01/14
800,19,156,5,2025/01/15
801,12,10,2,2025/01/15
802,20,125,5,2025/01/15
803,7,105,3,2025/01/16
804,10,162,10,2025/01/17
805,14,192,10,2025/01/17
806,16,22,8,2025/01/18
807,10,108,3,2025/01/19
808,9,97,5,2025/01/19
809,3,11,2,2025/01/19
810,9,194,8,2025/01/21
811,16,139,8,2025/01/22
812,18,58,10,2025/01/23
813,5,113,7,2025/01/23
814,2,137,5,2025/01/23
815,2,73,7,2025/01/23
816,14,130,5,2025/01/24
817,19,200,1,2025/01/25
818,14,12,4,2025/01/26
819,9,109,6,2025/01/27
820,13,133,2,2025/01/27
821,11,126,5,2025/01/28
822,8,63,8,2025/01/28
823,15,83,5,2025/01/28
824,16,52,4,2025/01/28
825,12,75,5,2025/01/30
826,14,12,5,2025/01/31
827,4,173,9,2025/01/31
828,14,162,5,2025/02/02
829,19,84,8,2025/02/02
830,10,140,5,2025/02/02
831,1,56,9,2025/02/04
832,9,19,6,2025/02/05
833,2,17,5,2025/02/06
834,7,196,3,2025/02/06
835,15,60,1,2025/02/06
836,12,95,8,2025/02/06
837,2,47,10,2025/02/07
838,1,194,6,2025/02/07
839,19,21,7,2025/02/07
840,1,55,8,2025/02/07
841,6,183,4,2025/02/09
842,6,29,5,2025/02/09
843,1,90,4,2025/02/09
844,20,109,7,2025/02/09
845,12,31,1,2025/02/09
846,10,56,9,2025/02/10
847,17,25,6,2025/02/11
848,11,191,8,2025/02/11
849,2,57,7,2025/02/12
850,5,64,4,2025/02/12
851,9,84,7,2025/02/13
852,5,51,6,2025/02/13
853,12,152,10,2025/02/14
854,18,13,5,2025/02/14
855,2,143,4,2025/02/15
856,18,35,8,2025/02/16
857,2,109,9,2025/02/16
858,18,38,2,2025/02/17
859,13,9,6,2025/02/17
860,3,171,6,2025/02/17
861,3,87,2,2025/02/17
862,20,155,3,2025/02/17
863,17,149,9,2025/02/17
864,1,57,6,2025/02/18
865,16,146,3,2025/02/18
866,14,52,7,2025/02/18
867,15,82,5,2025/02/19
868,5,155,7,2025/02/19
869,4,67,9,2025/02/19
870,8,5,3,2025/02/19
871,9,163,3,2025/02/19
872,13,27,9,2025/02/20
873,13,110,1,2025/02/20
874,10,197,6,2025/02/20
875,10,82,4,2025/02/20
876,9,56,9,2025/02/21
877,12,122,5,2025/02/21
878,4,133,7,2025/02/21
879,14,14,7,2025/02/22
880,1,16,10,2025/02/22
881,13,31,1,2025/02/23
882,15,101,8,2025/02/23
883,1,51,2,2025/02/24
884,19,177,5,2025/02/24
885,4,126,2,2025/02/25
886,15,186,10,2025/02/25
887,3,31,5,2025/02/25
888,1,99,3,2025/02/26
889,14,157,8,2025/02/26
890,9,63,7,2025/02/26
891,5,139,7,2025/02/26
892,19,95,9,2025/02/26
893,15,146,7,2025/02/27
894,9,73,5,2025/02/28
895,20,115,2,2025/02/28
896,11,50,8,2025/02/28
897,8,47,2,2025/02/28
898,14,13,2,2025/02/28
899,18,66,1,2025/02/28
900,5,27,1,2025/03/01
901,4,31,9,2025/03/01
902,20,14,7,2025/03/01
903,8,181,8,2025/03/02
904,9,70,4,2025/03/02
905,14,54,5,2025/03/02
906,12,6,2,2025/03/03
907,19,200,8,2025/03/03
908,15,173,4,2025/03/03
909,2,176,9,2025/03/03
910,17,53,1,2025/03/04
911,19,157,6,2025/03/05
912,15,127,3,2025/03/06
913,20,105,6,2025/03/06
914,1,165,4,2025/03/06
915,2,65,7,2025/03/06
916,12,113,4,2025/03/07
917,6,34,5,2025/03/07
918,6,100,10,2025/03/08
919,1,32,7,2025/03/08
920,11,30,9,2025/03/09
921,8,173,6,2025/03/10
922,18,191,2,2025/03/10
923,14,175,7,2025/03/10
924,5,195,7,2025/03/10
925,17,143,1,2025/03/10
926,9,149,2,2025/03/10
927,9,155,3,2025/03/11
928,6,169,1,2025/03/11
929,15,19,10,2025/03/12
930,5,107,9,2025/03/13
931,3,82,1,2025/03/14
932,11,116,4,2025/03/14
933,11,89,3,2025/03/15
934,10,52,6,2025/03/15
935,2,162,4,2025/03/16
936,15,93,5,2025/03/17
937,13,95,1,2025/03/17
938,2,175,9,2025/03/18
939,1,12,10,2025/03/19
940,3,23,3,2025/03/20
941,15,182,4,2025/03/20
942,4,23,5,2025/03/20
943,20,69,4,2025/03/21
944,15,124,7,2025/03/21
945,15,187,1,2025/03/21
946,1,83,7,2025/03/21
947,17,86,6,2025/03/21
948,5,37,8,2025/03/22
949,1,15,9,2025/03/22
950,10,59,9,2025/03/23
951,5,180,8,2025/03/23
952,20,189,5,2025/03/23
953,17,44,7,2025/03/23
954,6,7,5,2025/03/23
955,7,55,1,2025/03/24
956,15,27,7,2025/03/24
957,2,70,7,2025/03/24
958,1,1,2,2025/03/25
959,12,89,9,2025/03/26
960,5,92,7,2025/03/26
961,13,103,9,2025/03/26
962,7,162,10,2025/03/27
963,5,19,1,2025/03/27
964,1,185,4,2025/03/27
965,5,123,5,2025/03/27
966,13,20,5,2025/03/28
967,11,158,3,2025/03/28
968,17,152,3,2025/03/29
969,8,182,5,2025/03/29
970,16,181,5,2025/03/29
971,2,192,5,2025/03/29
972,18,32,8,2025/03/30
973,3,164,2,2025/03/30
974,20,37,3,2025/03/31
975,18,163,7,2025/04/01
976,19,166,2,2025/04/01
977,11,137,9,2025/04/01
978,10,65,2,2025/04/02
979,16,123,3,2025/04/03
980,17,104,2,2025/04/04
981,17,6,5,2025/04/04
982,14,164,3,2025/04/05
983,5,5,7,2025/04/06
984,7,77,7,2025/04/06
985,1,128,10,2025/04/06
986,16,194,2,2025/04/06
987,16,169,3,2025/04/07
988,6,30,7,2025/04/07
989,9,199,8,2025/04/07
990,1,144,8,2025/04/07
991,19,40,9,2025/04/08
992,1,102,1,2025/04/08
993,12,133,1,2025/04/08
994,8,38,4,2025/04/08
995,6,95,1,2025/04/09
996,17,112,1,2025/04/09
997,7,198,9,2025/04/10
998,10,127,2,2025/04/10
999,17,77,6,2025/04/11
1000,8,50,6,2025/04/12
